date,Appliances,lights
11/01/2016 17:00,60,30
11/01/2016 17:10,60,30
11/01/2016 17:20,50,30
11/01/2016 17:30,50,40
11/01/2016 17:40,60,40
11/01/2016 17:50,50,40
11/01/2016 18:00,60,50
11/01/2016 18:10,60,50
11/01/2016 18:20,60,40
11/01/2016 18:30,70,40
11/01/2016 18:40,230,70
11/01/2016 18:50,580,60
11/01/2016 19:00,430,50
11/01/2016 19:10,250,40
11/01/2016 19:20,100,10
11/01/2016 19:30,100,10
11/01/2016 19:40,90,10
11/01/2016 19:50,70,30
11/01/2016 20:00,80,30
11/01/2016 20:10,140,40
11/01/2016 20:20,120,20
11/01/2016 20:30,190,40
11/01/2016 20:40,110,40
11/01/2016 20:50,110,40
11/01/2016 21:00,110,30
11/01/2016 21:10,110,20
11/01/2016 21:20,100,30
11/01/2016 21:30,100,20
11/01/2016 21:40,100,20
11/01/2016 21:50,100,20
11/01/2016 22:00,110,20
11/01/2016 22:10,400,20
11/01/2016 22:20,400,20
11/01/2016 22:30,390,30
11/01/2016 22:40,240,20
11/01/2016 22:50,60,20
11/01/2016 23:00,60,20
11/01/2016 23:10,60,20
11/01/2016 23:20,50,10
11/01/2016 23:30,70,20
11/01/2016 23:40,60,20
11/01/2016 23:50,40,20
12/01/2016 00:00,40,10
12/01/2016 00:10,30,20
12/01/2016 00:20,40,20
12/01/2016 00:30,50,20
12/01/2016 00:40,310,10
12/01/2016 00:50,380,20
12/01/2016 01:00,380,20
12/01/2016 01:10,370,20
12/01/2016 01:20,120,10
12/01/2016 01:30,50,0
12/01/2016 01:40,40,0
12/01/2016 01:50,50,0
12/01/2016 02:00,40,0
12/01/2016 02:10,50,0
12/01/2016 02:20,50,0
12/01/2016 02:30,50,0
12/01/2016 02:40,40,0
12/01/2016 02:50,40,0
12/01/2016 03:00,30,0
12/01/2016 03:10,20,0
12/01/2016 03:20,20,0
12/01/2016 03:30,40,0
12/01/2016 03:40,50,0
12/01/2016 03:50,50,0
12/01/2016 04:00,40,0
12/01/2016 04:10,50,0
12/01/2016 04:20,40,0
12/01/2016 04:30,40,0
12/01/2016 04:40,40,0
12/01/2016 04:50,60,0
12/01/2016 05:00,50,0
12/01/2016 05:10,50,0
12/01/2016 05:20,40,0
12/01/2016 05:30,40,0
12/01/2016 05:40,40,0
12/01/2016 05:50,40,0
12/01/2016 06:00,50,0
12/01/2016 06:10,70,10
12/01/2016 06:20,40,0
12/01/2016 06:30,30,0
12/01/2016 06:40,20,10
12/01/2016 06:50,30,0
12/01/2016 07:00,40,10
12/01/2016 07:10,50,10
12/01/2016 07:20,60,20
12/01/2016 07:30,60,20
12/01/2016 07:40,70,20
12/01/2016 07:50,60,30
12/01/2016 08:00,140,20
12/01/2016 08:10,110,30
12/01/2016 08:20,90,10
12/01/2016 08:30,60,0
12/01/2016 08:40,60,0
12/01/2016 08:50,60,0
12/01/2016 09:00,50,0
12/01/2016 09:10,60,0
12/01/2016 09:20,50,0
12/01/2016 09:30,30,0
12/01/2016 09:40,40,0
12/01/2016 09:50,30,0
12/01/2016 10:00,260,0
12/01/2016 10:10,500,0
12/01/2016 10:20,450,0
12/01/2016 10:30,50,10
12/01/2016 10:40,60,0
12/01/2016 10:50,60,0
12/01/2016 11:00,50,0
12/01/2016 11:10,50,0
12/01/2016 11:20,50,0
12/01/2016 11:30,60,0
12/01/2016 11:40,60,0
12/01/2016 11:50,60,0
12/01/2016 12:00,60,0
12/01/2016 12:10,190,0
12/01/2016 12:20,220,0
12/01/2016 12:30,170,0
12/01/2016 12:40,390,0
12/01/2016 12:50,90,0
12/01/2016 13:00,60,0
12/01/2016 13:10,290,0
12/01/2016 13:20,130,0
12/01/2016 13:30,140,0
12/01/2016 13:40,240,0
12/01/2016 13:50,50,0
12/01/2016 14:00,60,0
12/01/2016 14:10,60,0
12/01/2016 14:20,60,0
12/01/2016 14:30,370,0
12/01/2016 14:40,200,0
12/01/2016 14:50,70,0
12/01/2016 15:00,50,0
12/01/2016 15:10,40,0
12/01/2016 15:20,40,0
12/01/2016 15:30,30,0
12/01/2016 15:40,30,0
12/01/2016 15:50,30,0
12/01/2016 16:00,30,0
12/01/2016 16:10,40,0
12/01/2016 16:20,50,0
12/01/2016 16:30,40,0
12/01/2016 16:40,40,0
12/01/2016 16:50,40,0
12/01/2016 17:00,60,0
12/01/2016 17:10,60,10
12/01/2016 17:20,210,20
12/01/2016 17:30,380,20
12/01/2016 17:40,370,40
12/01/2016 17:50,230,30
12/01/2016 18:00,80,40
12/01/2016 18:10,90,30
12/01/2016 18:20,70,20
12/01/2016 18:30,40,10
12/01/2016 18:40,40,0
12/01/2016 18:50,30,0
12/01/2016 19:00,50,0
12/01/2016 19:10,50,0
12/01/2016 19:20,60,0
12/01/2016 19:30,50,0
12/01/2016 19:40,60,0
12/01/2016 19:50,60,0
12/01/2016 20:00,60,0
12/01/2016 20:10,50,0
12/01/2016 20:20,50,0
12/01/2016 20:30,50,0
12/01/2016 20:40,50,0
12/01/2016 20:50,50,0
12/01/2016 21:00,60,0
12/01/2016 21:10,60,0
12/01/2016 21:20,40,0
12/01/2016 21:30,30,0
12/01/2016 21:40,30,20
12/01/2016 21:50,30,10
12/01/2016 22:00,40,0
12/01/2016 22:10,50,10
12/01/2016 22:20,50,0
12/01/2016 22:30,50,0
12/01/2016 22:40,40,0
12/01/2016 22:50,50,0
12/01/2016 23:00,40,0
12/01/2016 23:10,40,0
12/01/2016 23:20,40,0
12/01/2016 23:30,40,0
12/01/2016 23:40,50,0
12/01/2016 23:50,50,0
13/01/2016 00:00,50,0
13/01/2016 00:10,30,0
13/01/2016 00:20,20,0
13/01/2016 00:30,30,0
13/01/2016 00:40,20,0
13/01/2016 00:50,40,0
13/01/2016 01:00,50,0
13/01/2016 01:10,60,0
13/01/2016 01:20,50,0
13/01/2016 01:30,40,0
13/01/2016 01:40,40,0
13/01/2016 01:50,50,0
13/01/2016 02:00,40,0
13/01/2016 02:10,40,0
13/01/2016 02:20,50,0
13/01/2016 02:30,50,0
13/01/2016 02:40,50,0
13/01/2016 02:50,40,0
13/01/2016 03:00,30,0
13/01/2016 03:10,20,0
13/01/2016 03:20,20,0
13/01/2016 03:30,20,0
13/01/2016 03:40,50,0
13/01/2016 03:50,50,0
13/01/2016 04:00,50,0
13/01/2016 04:10,40,0
13/01/2016 04:20,40,0
13/01/2016 04:30,50,0
13/01/2016 04:40,40,0
13/01/2016 04:50,50,0
13/01/2016 05:00,50,0
13/01/2016 05:10,50,0
13/01/2016 05:20,40,0
13/01/2016 05:30,40,0
13/01/2016 05:40,50,0
13/01/2016 05:50,20,0
13/01/2016 06:00,20,0
13/01/2016 06:10,50,0
13/01/2016 06:20,30,10
13/01/2016 06:30,50,10
13/01/2016 06:40,50,10
13/01/2016 06:50,200,0
13/01/2016 07:00,110,10
13/01/2016 07:10,80,10
13/01/2016 07:20,50,0
13/01/2016 07:30,50,0
13/01/2016 07:40,50,0
13/01/2016 07:50,40,0
13/01/2016 08:00,40,0
13/01/2016 08:10,30,0
13/01/2016 08:20,180,20
13/01/2016 08:30,350,30
13/01/2016 08:40,350,20
13/01/2016 08:50,300,30
13/01/2016 09:00,400,20
13/01/2016 09:10,390,30
13/01/2016 09:20,290,30
13/01/2016 09:30,60,30
13/01/2016 09:40,70,20
13/01/2016 09:50,110,30
13/01/2016 10:00,90,20
13/01/2016 10:10,60,20
13/01/2016 10:20,70,20
13/01/2016 10:30,80,20
13/01/2016 10:40,60,0
13/01/2016 10:50,40,10
13/01/2016 11:00,30,10
13/01/2016 11:10,70,10
13/01/2016 11:20,50,10
13/01/2016 11:30,80,10
13/01/2016 11:40,80,10
13/01/2016 11:50,50,0
13/01/2016 12:00,40,0
13/01/2016 12:10,50,0
13/01/2016 12:20,40,0
13/01/2016 12:30,40,0
13/01/2016 12:40,50,0
13/01/2016 12:50,30,0
13/01/2016 13:00,30,0
13/01/2016 13:10,20,0
13/01/2016 13:20,20,0
13/01/2016 13:30,50,0
13/01/2016 13:40,40,0
13/01/2016 13:50,50,0
13/01/2016 14:00,40,0
13/01/2016 14:10,60,0
13/01/2016 14:20,40,0
13/01/2016 14:30,40,0
13/01/2016 14:40,50,0
13/01/2016 14:50,40,0
13/01/2016 15:00,40,0
13/01/2016 15:10,30,0
13/01/2016 15:20,30,0
13/01/2016 15:30,30,0
13/01/2016 15:40,40,0
13/01/2016 15:50,80,0
13/01/2016 16:00,70,0
13/01/2016 16:10,80,0
13/01/2016 16:20,70,0
13/01/2016 16:30,80,0
13/01/2016 16:40,80,0
13/01/2016 16:50,100,0
13/01/2016 17:00,90,0
13/01/2016 17:10,100,10
13/01/2016 17:20,90,0
13/01/2016 17:30,110,0
13/01/2016 17:40,90,10
13/01/2016 17:50,100,0
13/01/2016 18:00,100,10
13/01/2016 18:10,110,0
13/01/2016 18:20,100,10
13/01/2016 18:30,90,10
13/01/2016 18:40,90,10
13/01/2016 18:50,180,10
13/01/2016 19:00,140,0
13/01/2016 19:10,100,10
13/01/2016 19:20,110,20
13/01/2016 19:30,340,20
13/01/2016 19:40,380,20
13/01/2016 19:50,210,30
13/01/2016 20:00,150,20
13/01/2016 20:10,330,20
13/01/2016 20:20,420,20
13/01/2016 20:30,330,20
13/01/2016 20:40,130,20
13/01/2016 20:50,130,20
13/01/2016 21:00,110,20
13/01/2016 21:10,250,10
13/01/2016 21:20,520,0
13/01/2016 21:30,360,0
13/01/2016 21:40,330,0
13/01/2016 21:50,310,0
13/01/2016 22:00,270,0
13/01/2016 22:10,230,0
13/01/2016 22:20,170,10
13/01/2016 22:30,60,0
13/01/2016 22:40,30,0
13/01/2016 22:50,30,0
13/01/2016 23:00,30,0
13/01/2016 23:10,40,0
13/01/2016 23:20,50,0
13/01/2016 23:30,50,0
13/01/2016 23:40,40,0
13/01/2016 23:50,40,0
14/01/2016 00:00,50,0
14/01/2016 00:10,50,0
14/01/2016 00:20,40,0
14/01/2016 00:30,60,0
14/01/2016 00:40,40,0
14/01/2016 00:50,40,0
14/01/2016 01:00,50,0
14/01/2016 01:10,40,0
14/01/2016 01:20,30,0
14/01/2016 01:30,30,0
14/01/2016 01:40,30,0
14/01/2016 01:50,40,0
14/01/2016 02:00,40,0
14/01/2016 02:10,50,0
14/01/2016 02:20,40,0
14/01/2016 02:30,40,0
14/01/2016 02:40,40,0
14/01/2016 02:50,50,0
14/01/2016 03:00,50,0
14/01/2016 03:10,50,0
14/01/2016 03:20,40,0
14/01/2016 03:30,50,0
14/01/2016 03:40,40,0
14/01/2016 03:50,40,0
14/01/2016 04:00,20,0
14/01/2016 04:10,30,0
14/01/2016 04:20,30,0
14/01/2016 04:30,40,0
14/01/2016 04:40,50,0
14/01/2016 04:50,40,0
14/01/2016 05:00,40,0
14/01/2016 05:10,50,0
14/01/2016 05:20,40,0
14/01/2016 05:30,50,0
14/01/2016 05:40,50,0
14/01/2016 05:50,40,0
14/01/2016 06:00,50,0
14/01/2016 06:10,40,0
14/01/2016 06:20,40,0
14/01/2016 06:30,40,0
14/01/2016 06:40,40,0
14/01/2016 06:50,30,10
14/01/2016 07:00,70,10
14/01/2016 07:10,360,20
14/01/2016 07:20,400,10
14/01/2016 07:30,70,10
14/01/2016 07:40,70,0
14/01/2016 07:50,390,0
14/01/2016 08:00,100,0
14/01/2016 08:10,80,10
14/01/2016 08:20,70,0
14/01/2016 08:30,170,10
14/01/2016 08:40,360,0
14/01/2016 08:50,180,10
14/01/2016 09:00,130,0
14/01/2016 09:10,70,20
14/01/2016 09:20,70,10
14/01/2016 09:30,180,20
14/01/2016 09:40,170,20
14/01/2016 09:50,390,30
14/01/2016 10:00,420,20
14/01/2016 10:10,340,20
14/01/2016 10:20,550,10
14/01/2016 10:30,690,10
14/01/2016 10:40,620,10
14/01/2016 10:50,610,10
14/01/2016 11:00,490,10
14/01/2016 11:10,260,20
14/01/2016 11:20,240,10
14/01/2016 11:30,220,10
14/01/2016 11:40,130,10
14/01/2016 11:50,90,10
14/01/2016 12:00,290,10
14/01/2016 12:10,410,0
14/01/2016 12:20,320,0
14/01/2016 12:30,260,0
14/01/2016 12:40,210,0
14/01/2016 12:50,210,0
14/01/2016 13:00,140,0
14/01/2016 13:10,60,0
14/01/2016 13:20,50,0
14/01/2016 13:30,60,0
14/01/2016 13:40,50,0
14/01/2016 13:50,60,0
14/01/2016 14:00,140,0
14/01/2016 14:10,270,0
14/01/2016 14:20,200,0
14/01/2016 14:30,60,0
14/01/2016 14:40,50,0
14/01/2016 14:50,60,0
14/01/2016 15:00,80,0
14/01/2016 15:10,50,0
14/01/2016 15:20,40,0
14/01/2016 15:30,50,0
14/01/2016 15:40,50,0
14/01/2016 15:50,40,0
14/01/2016 16:00,30,0
14/01/2016 16:10,30,0
14/01/2016 16:20,200,0
14/01/2016 16:30,450,0
14/01/2016 16:40,400,0
14/01/2016 16:50,740,0
14/01/2016 17:00,910,0
14/01/2016 17:10,610,10
14/01/2016 17:20,510,10
14/01/2016 17:30,190,0
14/01/2016 17:40,110,10
14/01/2016 17:50,100,0
14/01/2016 18:00,90,10
14/01/2016 18:10,110,10
14/01/2016 18:20,100,0
14/01/2016 18:30,110,10
14/01/2016 18:40,100,10
14/01/2016 18:50,790,10
14/01/2016 19:00,380,10
14/01/2016 19:10,360,10
14/01/2016 19:20,360,10
14/01/2016 19:30,100,10
14/01/2016 19:40,100,10
14/01/2016 19:50,90,10
14/01/2016 20:00,90,20
14/01/2016 20:10,110,10
14/01/2016 20:20,140,30
14/01/2016 20:30,110,20
14/01/2016 20:40,100,20
14/01/2016 20:50,110,20
14/01/2016 21:00,130,20
14/01/2016 21:10,140,30
14/01/2016 21:20,130,20
14/01/2016 21:30,120,20
14/01/2016 21:40,100,10
14/01/2016 21:50,80,0
14/01/2016 22:00,50,10
14/01/2016 22:10,50,0
14/01/2016 22:20,50,0
14/01/2016 22:30,40,0
14/01/2016 22:40,50,0
14/01/2016 22:50,50,0
14/01/2016 23:00,50,0
14/01/2016 23:10,40,0
14/01/2016 23:20,30,0
14/01/2016 23:30,30,0
14/01/2016 23:40,40,0
14/01/2016 23:50,40,0
15/01/2016 00:00,50,0
15/01/2016 00:10,60,0
15/01/2016 00:20,50,0
15/01/2016 00:30,60,0
15/01/2016 00:40,50,0
15/01/2016 00:50,50,0
15/01/2016 01:00,50,0
15/01/2016 01:10,50,0
15/01/2016 01:20,50,0
15/01/2016 01:30,50,0
15/01/2016 01:40,60,0
15/01/2016 01:50,50,0
15/01/2016 02:00,50,0
15/01/2016 02:10,50,0
15/01/2016 02:20,50,0
15/01/2016 02:30,40,0
15/01/2016 02:40,50,0
15/01/2016 02:50,40,0
15/01/2016 03:00,30,0
15/01/2016 03:10,40,0
15/01/2016 03:20,30,0
15/01/2016 03:30,60,0
15/01/2016 03:40,50,0
15/01/2016 03:50,50,0
15/01/2016 04:00,40,0
15/01/2016 04:10,50,0
15/01/2016 04:20,60,0
15/01/2016 04:30,50,0
15/01/2016 04:40,50,0
15/01/2016 04:50,50,0
15/01/2016 05:00,50,0
15/01/2016 05:10,40,0
15/01/2016 05:20,50,0
15/01/2016 05:30,50,0
15/01/2016 05:40,50,0
15/01/2016 05:50,60,0
15/01/2016 06:00,50,0
15/01/2016 06:10,40,0
15/01/2016 06:20,50,0
15/01/2016 06:30,50,0
15/01/2016 06:40,50,0
15/01/2016 06:50,30,0
15/01/2016 07:00,70,10
15/01/2016 07:10,50,10
15/01/2016 07:20,50,10
15/01/2016 07:30,50,10
15/01/2016 07:40,50,0
15/01/2016 07:50,40,10
15/01/2016 08:00,50,10
15/01/2016 08:10,50,10
15/01/2016 08:20,150,10
15/01/2016 08:30,390,20
15/01/2016 08:40,390,10
15/01/2016 08:50,380,10
15/01/2016 09:00,400,10
15/01/2016 09:10,370,10
15/01/2016 09:20,310,10
15/01/2016 09:30,40,10
15/01/2016 09:40,50,0
15/01/2016 09:50,70,10
15/01/2016 10:00,60,10
15/01/2016 10:10,90,10
15/01/2016 10:20,60,10
15/01/2016 10:30,60,20
15/01/2016 10:40,100,0
15/01/2016 10:50,380,10
15/01/2016 11:00,390,10
15/01/2016 11:10,130,10
15/01/2016 11:20,60,0
15/01/2016 11:30,60,10
15/01/2016 11:40,50,10
15/01/2016 11:50,60,10
15/01/2016 12:00,60,10
15/01/2016 12:10,240,0
15/01/2016 12:20,80,10
15/01/2016 12:30,80,0
15/01/2016 12:40,400,0
15/01/2016 12:50,400,0
15/01/2016 13:00,460,10
15/01/2016 13:10,170,0
15/01/2016 13:20,210,0
15/01/2016 13:30,190,0
15/01/2016 13:40,70,0
15/01/2016 13:50,80,0
15/01/2016 14:00,60,10
15/01/2016 14:10,70,0
15/01/2016 14:20,60,0
15/01/2016 14:30,70,0
15/01/2016 14:40,60,0
15/01/2016 14:50,60,0
15/01/2016 15:00,60,0
15/01/2016 15:10,60,0
15/01/2016 15:20,60,0
15/01/2016 15:30,50,10
15/01/2016 15:40,50,0
15/01/2016 15:50,60,0
15/01/2016 16:00,50,0
15/01/2016 16:10,50,0
15/01/2016 16:20,70,0
15/01/2016 16:30,50,0
15/01/2016 16:40,60,0
15/01/2016 16:50,60,0
15/01/2016 17:00,90,0
15/01/2016 17:10,100,10
15/01/2016 17:20,90,0
15/01/2016 17:30,100,10
15/01/2016 17:40,110,0
15/01/2016 17:50,100,10
15/01/2016 18:00,80,0
15/01/2016 18:10,110,10
15/01/2016 18:20,260,10
15/01/2016 18:30,350,10
15/01/2016 18:40,500,10
15/01/2016 18:50,370,10
15/01/2016 19:00,330,20
15/01/2016 19:10,100,10
15/01/2016 19:20,110,20
15/01/2016 19:30,140,20
15/01/2016 19:40,310,30
15/01/2016 19:50,330,20
15/01/2016 20:00,190,20
15/01/2016 20:10,160,20
15/01/2016 20:20,160,30
15/01/2016 20:30,480,10
15/01/2016 20:40,280,20
15/01/2016 20:50,130,20
15/01/2016 21:00,150,20
15/01/2016 21:10,140,20
15/01/2016 21:20,130,20
15/01/2016 21:30,130,20
15/01/2016 21:40,340,20
15/01/2016 21:50,490,10
15/01/2016 22:00,230,10
15/01/2016 22:10,360,10
15/01/2016 22:20,410,10
15/01/2016 22:30,150,0
15/01/2016 22:40,80,10
15/01/2016 22:50,80,10
15/01/2016 23:00,70,10
15/01/2016 23:10,70,10
15/01/2016 23:20,70,0
15/01/2016 23:30,60,10
15/01/2016 23:40,60,10
15/01/2016 23:50,50,10
16/01/2016 00:00,50,0
16/01/2016 00:10,50,0
16/01/2016 00:20,30,0
16/01/2016 00:30,20,0
16/01/2016 00:40,40,0
16/01/2016 00:50,50,0
16/01/2016 01:00,50,0
16/01/2016 01:10,50,0
16/01/2016 01:20,60,0
16/01/2016 01:30,50,0
16/01/2016 01:40,60,0
16/01/2016 01:50,50,0
16/01/2016 02:00,40,0
16/01/2016 02:10,50,0
16/01/2016 02:20,50,0
16/01/2016 02:30,50,0
16/01/2016 02:40,50,0
16/01/2016 02:50,40,0
16/01/2016 03:00,30,0
16/01/2016 03:10,30,0
16/01/2016 03:20,40,0
16/01/2016 03:30,50,0
16/01/2016 03:40,50,0
16/01/2016 03:50,50,0
16/01/2016 04:00,50,0
16/01/2016 04:10,60,0
16/01/2016 04:20,50,0
16/01/2016 04:30,50,0
16/01/2016 04:40,40,0
16/01/2016 04:50,50,0
16/01/2016 05:00,50,0
16/01/2016 05:10,50,0
16/01/2016 05:20,50,0
16/01/2016 05:30,30,0
16/01/2016 05:40,30,0
16/01/2016 05:50,30,0
16/01/2016 06:00,50,0
16/01/2016 06:10,50,0
16/01/2016 06:20,40,0
16/01/2016 06:30,60,0
16/01/2016 06:40,60,0
16/01/2016 06:50,50,0
16/01/2016 07:00,50,0
16/01/2016 07:10,50,0
16/01/2016 07:20,220,0
16/01/2016 07:30,390,10
16/01/2016 07:40,380,10
16/01/2016 07:50,390,10
16/01/2016 08:00,390,10
16/01/2016 08:10,240,10
16/01/2016 08:20,40,10
16/01/2016 08:30,70,10
16/01/2016 08:40,50,0
16/01/2016 08:50,50,0
16/01/2016 09:00,70,0
16/01/2016 09:10,60,0
16/01/2016 09:20,70,0
16/01/2016 09:30,60,0
16/01/2016 09:40,50,0
16/01/2016 09:50,60,0
16/01/2016 10:00,60,0
16/01/2016 10:10,80,0
16/01/2016 10:20,100,0
16/01/2016 10:30,60,0
16/01/2016 10:40,70,0
16/01/2016 10:50,60,0
16/01/2016 11:00,60,0
16/01/2016 11:10,50,0
16/01/2016 11:20,50,0
16/01/2016 11:30,40,0
16/01/2016 11:40,50,0
16/01/2016 11:50,70,0
16/01/2016 12:00,60,0
16/01/2016 12:10,60,0
16/01/2016 12:20,80,0
16/01/2016 12:30,80,0
16/01/2016 12:40,80,0
16/01/2016 12:50,90,0
16/01/2016 13:00,90,0
16/01/2016 13:10,100,0
16/01/2016 13:20,80,0
16/01/2016 13:30,90,0
16/01/2016 13:40,80,0
16/01/2016 13:50,80,0
16/01/2016 14:00,80,0
16/01/2016 14:10,80,0
16/01/2016 14:20,90,0
16/01/2016 14:30,70,0
16/01/2016 14:40,50,0
16/01/2016 14:50,60,10
16/01/2016 15:00,70,10
16/01/2016 15:10,80,10
16/01/2016 15:20,70,10
16/01/2016 15:30,370,10
16/01/2016 15:40,410,20
16/01/2016 15:50,250,10
16/01/2016 16:00,80,10
16/01/2016 16:10,70,10
16/01/2016 16:20,70,0
16/01/2016 16:30,80,10
16/01/2016 16:40,70,20
16/01/2016 16:50,80,20
16/01/2016 17:00,80,20
16/01/2016 17:10,150,20
16/01/2016 17:20,380,30
16/01/2016 17:30,290,30
16/01/2016 17:40,270,20
16/01/2016 17:50,420,30
16/01/2016 18:00,280,20
16/01/2016 18:10,300,20
16/01/2016 18:20,350,30
16/01/2016 18:30,270,20
16/01/2016 18:40,560,20
16/01/2016 18:50,1080,30
16/01/2016 19:00,750,20
16/01/2016 19:10,390,10
16/01/2016 19:20,350,10
16/01/2016 19:30,340,10
16/01/2016 19:40,290,20
16/01/2016 19:50,230,40
16/01/2016 20:00,120,30
16/01/2016 20:10,110,40
16/01/2016 20:20,100,40
16/01/2016 20:30,110,40
16/01/2016 20:40,130,40
16/01/2016 20:50,140,30
16/01/2016 21:00,110,30
16/01/2016 21:10,100,20
16/01/2016 21:20,100,30
16/01/2016 21:30,110,20
16/01/2016 21:40,110,20
16/01/2016 21:50,190,20
16/01/2016 22:00,450,20
16/01/2016 22:10,210,20
16/01/2016 22:20,100,30
16/01/2016 22:30,90,20
16/01/2016 22:40,90,20
16/01/2016 22:50,80,20
16/01/2016 23:00,70,20
16/01/2016 23:10,70,10
16/01/2016 23:20,70,10
16/01/2016 23:30,60,0
16/01/2016 23:40,30,0
16/01/2016 23:50,30,0
17/01/2016 00:00,30,0
17/01/2016 00:10,40,0
17/01/2016 00:20,50,0
17/01/2016 00:30,60,0
17/01/2016 00:40,50,0
17/01/2016 00:50,50,0
17/01/2016 01:00,50,0
17/01/2016 01:10,50,0
17/01/2016 01:20,50,0
17/01/2016 01:30,50,0
17/01/2016 01:40,50,0
17/01/2016 01:50,60,0
17/01/2016 02:00,50,0
17/01/2016 02:10,60,0
17/01/2016 02:20,50,0
17/01/2016 02:30,40,0
17/01/2016 02:40,30,0
17/01/2016 02:50,30,0
17/01/2016 03:00,30,0
17/01/2016 03:10,60,0
17/01/2016 03:20,50,0
17/01/2016 03:30,60,0
17/01/2016 03:40,50,0
17/01/2016 03:50,50,0
17/01/2016 04:00,50,0
17/01/2016 04:10,40,0
17/01/2016 04:20,60,0
17/01/2016 04:30,50,0
17/01/2016 04:40,60,0
17/01/2016 04:50,50,0
17/01/2016 05:00,50,0
17/01/2016 05:10,40,0
17/01/2016 05:20,50,0
17/01/2016 05:30,50,0
17/01/2016 05:40,30,0
17/01/2016 05:50,40,0
17/01/2016 06:00,30,0
17/01/2016 06:10,50,0
17/01/2016 06:20,50,0
17/01/2016 06:30,40,0
17/01/2016 06:40,50,0
17/01/2016 06:50,50,0
17/01/2016 07:00,170,0
17/01/2016 07:10,400,0
17/01/2016 07:20,390,10
17/01/2016 07:30,370,10
17/01/2016 07:40,390,10
17/01/2016 07:50,370,10
17/01/2016 08:00,380,10
17/01/2016 08:10,100,10
17/01/2016 08:20,90,20
17/01/2016 08:30,470,10
17/01/2016 08:40,320,0
17/01/2016 08:50,270,0
17/01/2016 09:00,260,0
17/01/2016 09:10,230,0
17/01/2016 09:20,470,10
17/01/2016 09:30,400,0
17/01/2016 09:40,290,0
17/01/2016 09:50,100,0
17/01/2016 10:00,90,0
17/01/2016 10:10,90,0
17/01/2016 10:20,90,0
17/01/2016 10:30,90,0
17/01/2016 10:40,100,0
17/01/2016 10:50,80,0
17/01/2016 11:00,180,0
17/01/2016 11:10,440,0
17/01/2016 11:20,300,0
17/01/2016 11:30,250,0
17/01/2016 11:40,280,0
17/01/2016 11:50,460,0
17/01/2016 12:00,120,0
17/01/2016 12:10,120,0
17/01/2016 12:20,110,0
17/01/2016 12:30,130,0
17/01/2016 12:40,110,0
17/01/2016 12:50,120,0
17/01/2016 13:00,120,0
17/01/2016 13:10,120,0
17/01/2016 13:20,130,0
17/01/2016 13:30,120,0
17/01/2016 13:40,120,0
17/01/2016 13:50,410,0
17/01/2016 14:00,420,0
17/01/2016 14:10,140,0
17/01/2016 14:20,60,0
17/01/2016 14:30,60,0
17/01/2016 14:40,70,10
17/01/2016 14:50,80,0
17/01/2016 15:00,100,0
17/01/2016 15:10,80,0
17/01/2016 15:20,80,0
17/01/2016 15:30,70,0
17/01/2016 15:40,80,0
17/01/2016 15:50,80,0
17/01/2016 16:00,90,0
17/01/2016 16:10,80,0
17/01/2016 16:20,80,0
17/01/2016 16:30,80,0
17/01/2016 16:40,80,0
17/01/2016 16:50,80,10
17/01/2016 17:00,90,10
17/01/2016 17:10,130,10
17/01/2016 17:20,380,20
17/01/2016 17:30,800,10
17/01/2016 17:40,790,10
17/01/2016 17:50,540,20
17/01/2016 18:00,120,20
17/01/2016 18:10,110,20
17/01/2016 18:20,160,30
17/01/2016 18:30,140,20
17/01/2016 18:40,550,20
17/01/2016 18:50,530,10
17/01/2016 19:00,100,0
17/01/2016 19:10,100,10
17/01/2016 19:20,90,10
17/01/2016 19:30,90,10
17/01/2016 19:40,100,10
17/01/2016 19:50,130,10
17/01/2016 20:00,110,10
17/01/2016 20:10,120,20
17/01/2016 20:20,100,30
17/01/2016 20:30,110,20
17/01/2016 20:40,100,20
17/01/2016 20:50,120,20
17/01/2016 21:00,250,30
17/01/2016 21:10,110,10
17/01/2016 21:20,110,0
17/01/2016 21:30,150,10
17/01/2016 21:40,110,20
17/01/2016 21:50,50,10
17/01/2016 22:00,40,10
17/01/2016 22:10,50,10
17/01/2016 22:20,50,10
17/01/2016 22:30,70,10
17/01/2016 22:40,60,20
17/01/2016 22:50,60,10
17/01/2016 23:00,70,10
17/01/2016 23:10,50,10
17/01/2016 23:20,70,10
17/01/2016 23:30,60,10
17/01/2016 23:40,70,20
17/01/2016 23:50,60,10
18/01/2016 00:00,60,10
18/01/2016 00:10,50,10
18/01/2016 00:20,40,10
18/01/2016 00:30,30,20
18/01/2016 00:40,40,0
18/01/2016 00:50,50,0
18/01/2016 01:00,50,0
18/01/2016 01:10,40,0
18/01/2016 01:20,50,10
18/01/2016 01:30,40,0
18/01/2016 01:40,40,0
18/01/2016 01:50,40,0
18/01/2016 02:00,60,0
18/01/2016 02:10,50,0
18/01/2016 02:20,50,0
18/01/2016 02:30,40,0
18/01/2016 02:40,40,0
18/01/2016 02:50,20,0
18/01/2016 03:00,30,0
18/01/2016 03:10,20,0
18/01/2016 03:20,50,0
18/01/2016 03:30,60,0
18/01/2016 03:40,40,0
18/01/2016 03:50,50,0
18/01/2016 04:00,40,0
18/01/2016 04:10,40,0
18/01/2016 04:20,50,0
18/01/2016 04:30,50,0
18/01/2016 04:40,40,0
18/01/2016 04:50,50,0
18/01/2016 05:00,40,0
18/01/2016 05:10,50,0
18/01/2016 05:20,30,0
18/01/2016 05:30,20,0
18/01/2016 05:40,30,0
18/01/2016 05:50,30,0
18/01/2016 06:00,50,0
18/01/2016 06:10,80,0
18/01/2016 06:20,40,0
18/01/2016 06:30,50,10
18/01/2016 06:40,40,0
18/01/2016 06:50,70,10
18/01/2016 07:00,100,0
18/01/2016 07:10,60,20
18/01/2016 07:20,50,0
18/01/2016 07:30,40,0
18/01/2016 07:40,40,0
18/01/2016 07:50,40,0
18/01/2016 08:00,20,0
18/01/2016 08:10,20,0
18/01/2016 08:20,30,0
18/01/2016 08:30,50,0
18/01/2016 08:40,50,0
18/01/2016 08:50,40,0
18/01/2016 09:00,40,0
18/01/2016 09:10,40,0
18/01/2016 09:20,40,0
18/01/2016 09:30,50,0
18/01/2016 09:40,50,0
18/01/2016 09:50,50,0
18/01/2016 10:00,40,0
18/01/2016 10:10,40,0
18/01/2016 10:20,20,0
18/01/2016 10:30,20,0
18/01/2016 10:40,30,0
18/01/2016 10:50,40,0
18/01/2016 11:00,50,0
18/01/2016 11:10,50,0
18/01/2016 11:20,40,0
18/01/2016 11:30,40,0
18/01/2016 11:40,50,0
18/01/2016 11:50,40,0
18/01/2016 12:00,40,0
18/01/2016 12:10,50,0
18/01/2016 12:20,40,0
18/01/2016 12:30,50,0
18/01/2016 12:40,40,0
18/01/2016 12:50,20,0
18/01/2016 13:00,20,0
18/01/2016 13:10,30,0
18/01/2016 13:20,40,0
18/01/2016 13:30,50,0
18/01/2016 13:40,50,0
18/01/2016 13:50,50,0
18/01/2016 14:00,40,0
18/01/2016 14:10,40,0
18/01/2016 14:20,40,0
18/01/2016 14:30,40,0
18/01/2016 14:40,40,0
18/01/2016 14:50,50,0
18/01/2016 15:00,50,0
18/01/2016 15:10,30,0
18/01/2016 15:20,20,0
18/01/2016 15:30,30,0
18/01/2016 15:40,30,0
18/01/2016 15:50,40,0
18/01/2016 16:00,50,0
18/01/2016 16:10,50,0
18/01/2016 16:20,50,0
18/01/2016 16:30,40,0
18/01/2016 16:40,40,0
18/01/2016 16:50,50,0
18/01/2016 17:00,40,0
18/01/2016 17:10,40,0
18/01/2016 17:20,40,0
18/01/2016 17:30,40,0
18/01/2016 17:40,20,0
18/01/2016 17:50,30,0
18/01/2016 18:00,30,10
18/01/2016 18:10,70,10
18/01/2016 18:20,230,10
18/01/2016 18:30,660,10
18/01/2016 18:40,510,0
18/01/2016 18:50,300,10
18/01/2016 19:00,300,20
18/01/2016 19:10,350,10
18/01/2016 19:20,90,10
18/01/2016 19:30,100,0
18/01/2016 19:40,130,10
18/01/2016 19:50,200,0
18/01/2016 20:00,480,0
18/01/2016 20:10,430,10
18/01/2016 20:20,630,10
18/01/2016 20:30,600,10
18/01/2016 20:40,470,20
18/01/2016 20:50,740,10
18/01/2016 21:00,600,0
18/01/2016 21:10,560,10
18/01/2016 21:20,440,20
18/01/2016 21:30,280,10
18/01/2016 21:40,110,20
18/01/2016 21:50,80,10
18/01/2016 22:00,70,20
18/01/2016 22:10,50,10
18/01/2016 22:20,50,10
18/01/2016 22:30,60,20
18/01/2016 22:40,60,10
18/01/2016 22:50,50,10
18/01/2016 23:00,60,20
18/01/2016 23:10,50,10
18/01/2016 23:20,50,10
18/01/2016 23:30,40,20
18/01/2016 23:40,30,10
18/01/2016 23:50,40,10
19/01/2016 00:00,50,20
19/01/2016 00:10,50,0
19/01/2016 00:20,50,0
19/01/2016 00:30,40,0
19/01/2016 00:40,50,0
19/01/2016 00:50,40,0
19/01/2016 01:00,50,0
19/01/2016 01:10,40,0
19/01/2016 01:20,50,0
19/01/2016 01:30,50,0
19/01/2016 01:40,40,0
19/01/2016 01:50,40,0
19/01/2016 02:00,30,0
19/01/2016 02:10,20,0
19/01/2016 02:20,20,0
19/01/2016 02:30,40,0
19/01/2016 02:40,50,0
19/01/2016 02:50,40,0
19/01/2016 03:00,50,0
19/01/2016 03:10,50,0
19/01/2016 03:20,40,0
19/01/2016 03:30,40,0
19/01/2016 03:40,50,0
19/01/2016 03:50,50,0
19/01/2016 04:00,50,0
19/01/2016 04:10,40,0
19/01/2016 04:20,50,0
19/01/2016 04:30,20,0
19/01/2016 04:40,30,0
19/01/2016 04:50,10,0
19/01/2016 05:00,40,0
19/01/2016 05:10,60,0
19/01/2016 05:20,40,0
19/01/2016 05:30,50,0
19/01/2016 05:40,40,0
19/01/2016 05:50,40,0
19/01/2016 06:00,40,0
19/01/2016 06:10,70,10
19/01/2016 06:20,50,0
19/01/2016 06:30,50,0
19/01/2016 06:40,40,10
19/01/2016 06:50,30,0
19/01/2016 07:00,30,10
19/01/2016 07:10,20,10
19/01/2016 07:20,50,0
19/01/2016 07:30,50,0
19/01/2016 07:40,50,0
19/01/2016 07:50,50,10
19/01/2016 08:00,40,0
19/01/2016 08:10,40,0
19/01/2016 08:20,50,0
19/01/2016 08:30,40,0
19/01/2016 08:40,40,0
19/01/2016 08:50,40,0
19/01/2016 09:00,40,0
19/01/2016 09:10,20,0
19/01/2016 09:20,30,0
19/01/2016 09:30,30,0
19/01/2016 09:40,40,0
19/01/2016 09:50,40,0
19/01/2016 10:00,40,0
19/01/2016 10:10,50,0
19/01/2016 10:20,50,0
19/01/2016 10:30,50,0
19/01/2016 10:40,40,0
19/01/2016 10:50,40,0
19/01/2016 11:00,40,0
19/01/2016 11:10,20,0
19/01/2016 11:20,20,0
19/01/2016 11:30,30,0
19/01/2016 11:40,50,0
19/01/2016 11:50,40,0
19/01/2016 12:00,50,0
19/01/2016 12:10,40,0
19/01/2016 12:20,40,0
19/01/2016 12:30,40,0
19/01/2016 12:40,40,0
19/01/2016 12:50,50,0
19/01/2016 13:00,50,0
19/01/2016 13:10,50,0
19/01/2016 13:20,30,0
19/01/2016 13:30,30,0
19/01/2016 13:40,20,0
19/01/2016 13:50,20,0
19/01/2016 14:00,50,0
19/01/2016 14:10,50,0
19/01/2016 14:20,50,0
19/01/2016 14:30,40,0
19/01/2016 14:40,40,0
19/01/2016 14:50,40,0
19/01/2016 15:00,40,0
19/01/2016 15:10,40,0
19/01/2016 15:20,50,0
19/01/2016 15:30,60,0
19/01/2016 15:40,20,0
19/01/2016 15:50,20,0
19/01/2016 16:00,30,0
19/01/2016 16:10,40,0
19/01/2016 16:20,40,0
19/01/2016 16:30,50,0
19/01/2016 16:40,40,0
19/01/2016 16:50,50,0
19/01/2016 17:00,50,0
19/01/2016 17:10,40,0
19/01/2016 17:20,40,0
19/01/2016 17:30,50,0
19/01/2016 17:40,60,10
19/01/2016 17:50,190,20
19/01/2016 18:00,350,10
19/01/2016 18:10,210,10
19/01/2016 18:20,140,10
19/01/2016 18:30,110,10
19/01/2016 18:40,120,0
19/01/2016 18:50,120,10
19/01/2016 19:00,110,10
19/01/2016 19:10,260,10
19/01/2016 19:20,550,0
19/01/2016 19:30,480,10
19/01/2016 19:40,360,10
19/01/2016 19:50,360,20
19/01/2016 20:00,290,10
19/01/2016 20:10,460,10
19/01/2016 20:20,570,20
19/01/2016 20:30,470,20
19/01/2016 20:40,450,20
19/01/2016 20:50,450,10
19/01/2016 21:00,380,20
19/01/2016 21:10,110,10
19/01/2016 21:20,110,10
19/01/2016 21:30,110,20
19/01/2016 21:40,100,10
19/01/2016 21:50,110,10
19/01/2016 22:00,120,0
19/01/2016 22:10,70,10
19/01/2016 22:20,50,0
19/01/2016 22:30,40,0
19/01/2016 22:40,30,0
19/01/2016 22:50,30,0
19/01/2016 23:00,50,0
19/01/2016 23:10,50,0
19/01/2016 23:20,50,0
19/01/2016 23:30,40,0
19/01/2016 23:40,50,0
19/01/2016 23:50,40,0
20/01/2016 00:00,40,0
20/01/2016 00:10,50,0
20/01/2016 00:20,40,0
20/01/2016 00:30,30,0
20/01/2016 00:40,30,0
20/01/2016 00:50,30,0
20/01/2016 01:00,30,0
20/01/2016 01:10,50,0
20/01/2016 01:20,40,0
20/01/2016 01:30,50,0
20/01/2016 01:40,50,0
20/01/2016 01:50,50,0
20/01/2016 02:00,40,0
20/01/2016 02:10,40,0
20/01/2016 02:20,40,0
20/01/2016 02:30,30,0
20/01/2016 02:40,20,0
20/01/2016 02:50,20,0
20/01/2016 03:00,30,0
20/01/2016 03:10,50,0
20/01/2016 03:20,50,0
20/01/2016 03:30,40,0
20/01/2016 03:40,50,0
20/01/2016 03:50,40,0
20/01/2016 04:00,40,0
20/01/2016 04:10,50,0
20/01/2016 04:20,50,0
20/01/2016 04:30,50,0
20/01/2016 04:40,30,0
20/01/2016 04:50,30,0
20/01/2016 05:00,20,0
20/01/2016 05:10,20,0
20/01/2016 05:20,40,0
20/01/2016 05:30,50,0
20/01/2016 05:40,50,0
20/01/2016 05:50,50,0
20/01/2016 06:00,40,0
20/01/2016 06:10,80,0
20/01/2016 06:20,40,10
20/01/2016 06:30,50,0
20/01/2016 06:40,340,10
20/01/2016 06:50,150,10
20/01/2016 07:00,50,0
20/01/2016 07:10,40,0
20/01/2016 07:20,60,10
20/01/2016 07:30,60,0
20/01/2016 07:40,60,0
20/01/2016 07:50,50,0
20/01/2016 08:00,70,0
20/01/2016 08:10,60,0
20/01/2016 08:20,60,10
20/01/2016 08:30,60,10
20/01/2016 08:40,350,20
20/01/2016 08:50,360,10
20/01/2016 09:00,80,10
20/01/2016 09:10,50,10
20/01/2016 09:20,60,0
20/01/2016 09:30,80,10
20/01/2016 09:40,50,10
20/01/2016 09:50,80,0
20/01/2016 10:00,90,10
20/01/2016 10:10,90,10
20/01/2016 10:20,70,0
20/01/2016 10:30,90,10
20/01/2016 10:40,60,0
20/01/2016 10:50,70,10
20/01/2016 11:00,90,0
20/01/2016 11:10,70,10
20/01/2016 11:20,110,0
20/01/2016 11:30,70,0
20/01/2016 11:40,70,0
20/01/2016 11:50,80,0
20/01/2016 12:00,330,10
20/01/2016 12:10,220,0
20/01/2016 12:20,70,0
20/01/2016 12:30,60,0
20/01/2016 12:40,50,0
20/01/2016 12:50,60,0
20/01/2016 13:00,80,0
20/01/2016 13:10,70,0
20/01/2016 13:20,80,0
20/01/2016 13:30,70,0
20/01/2016 13:40,80,0
20/01/2016 13:50,70,0
20/01/2016 14:00,80,0
20/01/2016 14:10,50,0
20/01/2016 14:20,40,0
20/01/2016 14:30,30,0
20/01/2016 14:40,50,0
20/01/2016 14:50,80,0
20/01/2016 15:00,80,0
20/01/2016 15:10,80,0
20/01/2016 15:20,70,0
20/01/2016 15:30,90,0
20/01/2016 15:40,80,0
20/01/2016 15:50,80,0
20/01/2016 16:00,80,0
20/01/2016 16:10,70,0
20/01/2016 16:20,60,0
20/01/2016 16:30,50,0
20/01/2016 16:40,80,0
20/01/2016 16:50,80,0
20/01/2016 17:00,60,0
20/01/2016 17:10,70,0
20/01/2016 17:20,340,0
20/01/2016 17:30,360,0
20/01/2016 17:40,160,0
20/01/2016 17:50,120,10
20/01/2016 18:00,90,0
20/01/2016 18:10,90,0
20/01/2016 18:20,90,10
20/01/2016 18:30,80,0
20/01/2016 18:40,170,10
20/01/2016 18:50,830,10
20/01/2016 19:00,540,30
20/01/2016 19:10,340,30
20/01/2016 19:20,410,40
20/01/2016 19:30,390,30
20/01/2016 19:40,360,40
20/01/2016 19:50,330,50
20/01/2016 20:00,210,40
20/01/2016 20:10,100,40
20/01/2016 20:20,160,30
20/01/2016 20:30,390,20
20/01/2016 20:40,440,10
20/01/2016 20:50,400,20
20/01/2016 21:00,420,10
20/01/2016 21:10,390,10
20/01/2016 21:20,410,20
20/01/2016 21:30,210,10
20/01/2016 21:40,70,20
20/01/2016 21:50,60,10
20/01/2016 22:00,50,10
20/01/2016 22:10,70,20
20/01/2016 22:20,160,10
20/01/2016 22:30,360,20
20/01/2016 22:40,150,10
20/01/2016 22:50,60,10
20/01/2016 23:00,60,20
20/01/2016 23:10,50,10
20/01/2016 23:20,50,10
20/01/2016 23:30,50,20
20/01/2016 23:40,50,10
20/01/2016 23:50,50,0
21/01/2016 00:00,60,0
21/01/2016 00:10,50,0
21/01/2016 00:20,40,0
21/01/2016 00:30,20,0
21/01/2016 00:40,30,0
21/01/2016 00:50,50,0
21/01/2016 01:00,50,0
21/01/2016 01:10,60,0
21/01/2016 01:20,60,0
21/01/2016 01:30,60,0
21/01/2016 01:40,40,0
21/01/2016 01:50,60,0
21/01/2016 02:00,40,0
21/01/2016 02:10,40,0
21/01/2016 02:20,40,0
21/01/2016 02:30,30,0
21/01/2016 02:40,40,0
21/01/2016 02:50,60,0
21/01/2016 03:00,50,0
21/01/2016 03:10,50,0
21/01/2016 03:20,40,0
21/01/2016 03:30,50,0
21/01/2016 03:40,50,0
21/01/2016 03:50,60,0
21/01/2016 04:00,50,0
21/01/2016 04:10,40,0
21/01/2016 04:20,30,0
21/01/2016 04:30,30,0
21/01/2016 04:40,40,0
21/01/2016 04:50,50,0
21/01/2016 05:00,50,0
21/01/2016 05:10,60,0
21/01/2016 05:20,60,0
21/01/2016 05:30,50,0
21/01/2016 05:40,40,0
21/01/2016 05:50,50,0
21/01/2016 06:00,50,0
21/01/2016 06:10,60,10
21/01/2016 06:20,30,0
21/01/2016 06:30,30,0
21/01/2016 06:40,50,10
21/01/2016 06:50,50,0
21/01/2016 07:00,50,10
21/01/2016 07:10,40,10
21/01/2016 07:20,60,10
21/01/2016 07:30,40,10
21/01/2016 07:40,50,10
21/01/2016 07:50,40,0
21/01/2016 08:00,30,0
21/01/2016 08:10,20,0
21/01/2016 08:20,20,0
21/01/2016 08:30,40,0
21/01/2016 08:40,40,0
21/01/2016 08:50,40,0
21/01/2016 09:00,50,0
21/01/2016 09:10,60,0
21/01/2016 09:20,60,20
21/01/2016 09:30,60,10
21/01/2016 09:40,50,20
21/01/2016 09:50,40,10
21/01/2016 10:00,30,20
21/01/2016 10:10,50,10
21/01/2016 10:20,70,10
21/01/2016 10:30,60,20
21/01/2016 10:40,60,10
21/01/2016 10:50,60,20
21/01/2016 11:00,60,20
21/01/2016 11:10,60,10
21/01/2016 11:20,50,20
21/01/2016 11:30,50,10
21/01/2016 11:40,40,0
21/01/2016 11:50,50,10
21/01/2016 12:00,50,0
21/01/2016 12:10,60,0
21/01/2016 12:20,60,10
21/01/2016 12:30,50,0
21/01/2016 12:40,50,0
21/01/2016 12:50,50,10
21/01/2016 13:00,50,0
21/01/2016 13:10,50,0
21/01/2016 13:20,290,0
21/01/2016 13:30,360,0
21/01/2016 13:40,230,0
21/01/2016 13:50,60,0
21/01/2016 14:00,70,0
21/01/2016 14:10,70,0
21/01/2016 14:20,80,0
21/01/2016 14:30,60,0
21/01/2016 14:40,60,0
21/01/2016 14:50,40,0
21/01/2016 15:00,50,0
21/01/2016 15:10,50,0
21/01/2016 15:20,40,0
21/01/2016 15:30,40,0
21/01/2016 15:40,40,0
21/01/2016 15:50,50,0
21/01/2016 16:00,40,0
21/01/2016 16:10,50,0
21/01/2016 16:20,40,0
21/01/2016 16:30,40,0
21/01/2016 16:40,40,0
21/01/2016 16:50,40,0
21/01/2016 17:00,50,0
21/01/2016 17:10,40,0
21/01/2016 17:20,20,0
21/01/2016 17:30,20,0
21/01/2016 17:40,30,0
21/01/2016 17:50,50,10
21/01/2016 18:00,70,10
21/01/2016 18:10,90,30
21/01/2016 18:20,110,20
21/01/2016 18:30,200,10
21/01/2016 18:40,430,20
21/01/2016 18:50,1070,30
21/01/2016 19:00,890,20
21/01/2016 19:10,590,30
21/01/2016 19:20,100,0
21/01/2016 19:30,100,10
21/01/2016 19:40,120,10
21/01/2016 19:50,150,0
21/01/2016 20:00,120,10
21/01/2016 20:10,120,20
21/01/2016 20:20,160,20
21/01/2016 20:30,480,10
21/01/2016 20:40,460,0
21/01/2016 20:50,360,0
21/01/2016 21:00,330,0
21/01/2016 21:10,310,0
21/01/2016 21:20,250,0
21/01/2016 21:30,220,10
21/01/2016 21:40,90,0
21/01/2016 21:50,80,0
21/01/2016 22:00,80,0
21/01/2016 22:10,70,0
21/01/2016 22:20,50,0
21/01/2016 22:30,50,0
21/01/2016 22:40,40,10
21/01/2016 22:50,40,0
21/01/2016 23:00,40,0
21/01/2016 23:10,30,0
21/01/2016 23:20,50,0
21/01/2016 23:30,50,0
21/01/2016 23:40,40,0
21/01/2016 23:50,50,0
22/01/2016 00:00,40,0
22/01/2016 00:10,40,10
22/01/2016 00:20,40,0
22/01/2016 00:30,40,0
22/01/2016 00:40,50,0
22/01/2016 00:50,30,0
22/01/2016 01:00,30,0
22/01/2016 01:10,20,0
22/01/2016 01:20,40,0
22/01/2016 01:30,40,0
22/01/2016 01:40,50,0
22/01/2016 01:50,40,0
22/01/2016 02:00,50,0
22/01/2016 02:10,50,0
22/01/2016 02:20,40,0
22/01/2016 02:30,40,0
22/01/2016 02:40,30,0
22/01/2016 02:50,20,0
22/01/2016 03:00,30,0
22/01/2016 03:10,30,0
22/01/2016 03:20,40,0
22/01/2016 03:30,50,0
22/01/2016 03:40,40,0
22/01/2016 03:50,50,0
22/01/2016 04:00,30,0
22/01/2016 04:10,40,0
22/01/2016 04:20,40,0
22/01/2016 04:30,50,0
22/01/2016 04:40,40,0
22/01/2016 04:50,20,0
22/01/2016 05:00,20,0
22/01/2016 05:10,30,0
22/01/2016 05:20,40,0
22/01/2016 05:30,40,0
22/01/2016 05:40,50,0
22/01/2016 05:50,50,0
22/01/2016 06:00,40,0
22/01/2016 06:10,50,0
22/01/2016 06:20,40,0
22/01/2016 06:30,40,0
22/01/2016 06:40,30,0
22/01/2016 06:50,30,10
22/01/2016 07:00,20,0
22/01/2016 07:10,30,0
22/01/2016 07:20,70,10
22/01/2016 07:30,50,0
22/01/2016 07:40,60,10
22/01/2016 07:50,40,10
22/01/2016 08:00,40,10
22/01/2016 08:10,40,10
22/01/2016 08:20,60,10
22/01/2016 08:30,50,20
22/01/2016 08:40,30,0
22/01/2016 08:50,80,0
22/01/2016 09:00,340,0
22/01/2016 09:10,50,0
22/01/2016 09:20,50,0
22/01/2016 09:30,60,0
22/01/2016 09:40,60,0
22/01/2016 09:50,60,0
22/01/2016 10:00,60,0
22/01/2016 10:10,50,0
22/01/2016 10:20,60,0
22/01/2016 10:30,30,0
22/01/2016 10:40,30,0
22/01/2016 10:50,30,0
22/01/2016 11:00,340,0
22/01/2016 11:10,400,0
22/01/2016 11:20,70,0
22/01/2016 11:30,50,0
22/01/2016 11:40,40,0
22/01/2016 11:50,40,0
22/01/2016 12:00,40,0
22/01/2016 12:10,40,0
22/01/2016 12:20,30,0
22/01/2016 12:30,30,0
22/01/2016 12:40,20,0
22/01/2016 12:50,30,0
22/01/2016 13:00,40,0
22/01/2016 13:10,50,0
22/01/2016 13:20,40,0
22/01/2016 13:30,40,0
22/01/2016 13:40,50,0
22/01/2016 13:50,50,0
22/01/2016 14:00,40,0
22/01/2016 14:10,30,0
22/01/2016 14:20,20,0
22/01/2016 14:30,20,0
22/01/2016 14:40,20,0
22/01/2016 14:50,40,0
22/01/2016 15:00,50,0
22/01/2016 15:10,50,0
22/01/2016 15:20,40,0
22/01/2016 15:30,40,0
22/01/2016 15:40,40,0
22/01/2016 15:50,40,0
22/01/2016 16:00,40,0
22/01/2016 16:10,20,0
22/01/2016 16:20,30,0
22/01/2016 16:30,20,0
22/01/2016 16:40,40,0
22/01/2016 16:50,40,0
22/01/2016 17:00,40,0
22/01/2016 17:10,40,0
22/01/2016 17:20,40,0
22/01/2016 17:30,40,0
22/01/2016 17:40,50,0
22/01/2016 17:50,50,0
22/01/2016 18:00,20,0
22/01/2016 18:10,20,0
22/01/2016 18:20,20,0
22/01/2016 18:30,30,0
22/01/2016 18:40,40,0
22/01/2016 18:50,40,0
22/01/2016 19:00,50,0
22/01/2016 19:10,40,0
22/01/2016 19:20,50,0
22/01/2016 19:30,40,0
22/01/2016 19:40,30,0
22/01/2016 19:50,20,0
22/01/2016 20:00,20,0
22/01/2016 20:10,20,0
22/01/2016 20:20,50,0
22/01/2016 20:30,50,0
22/01/2016 20:40,40,0
22/01/2016 20:50,40,0
22/01/2016 21:00,40,0
22/01/2016 21:10,40,0
22/01/2016 21:20,40,0
22/01/2016 21:30,30,0
22/01/2016 21:40,20,0
22/01/2016 21:50,30,0
22/01/2016 22:00,30,0
22/01/2016 22:10,40,0
22/01/2016 22:20,40,0
22/01/2016 22:30,40,0
22/01/2016 22:40,40,0
22/01/2016 22:50,40,0
22/01/2016 23:00,50,0
22/01/2016 23:10,40,0
22/01/2016 23:20,20,0
22/01/2016 23:30,20,0
22/01/2016 23:40,20,0
22/01/2016 23:50,40,0
23/01/2016 00:00,40,0
23/01/2016 00:10,50,0
23/01/2016 00:20,40,0
23/01/2016 00:30,50,0
23/01/2016 00:40,40,0
23/01/2016 00:50,40,0
23/01/2016 01:00,20,0
23/01/2016 01:10,20,0
23/01/2016 01:20,20,0
23/01/2016 01:30,30,0
23/01/2016 01:40,50,0
23/01/2016 01:50,50,0
23/01/2016 02:00,40,0
23/01/2016 02:10,40,0
23/01/2016 02:20,40,0
23/01/2016 02:30,40,0
23/01/2016 02:40,30,0
23/01/2016 02:50,20,0
23/01/2016 03:00,30,0
23/01/2016 03:10,30,0
23/01/2016 03:20,40,0
23/01/2016 03:30,40,0
23/01/2016 03:40,50,0
23/01/2016 03:50,40,0
23/01/2016 04:00,40,0
23/01/2016 04:10,30,0
23/01/2016 04:20,50,0
23/01/2016 04:30,20,0
23/01/2016 04:40,20,0
23/01/2016 04:50,20,0
23/01/2016 05:00,40,0
23/01/2016 05:10,40,0
23/01/2016 05:20,50,0
23/01/2016 05:30,40,0
23/01/2016 05:40,40,0
23/01/2016 05:50,50,0
23/01/2016 06:00,50,0
23/01/2016 06:10,10,0
23/01/2016 06:20,20,0
23/01/2016 06:30,20,0
23/01/2016 06:40,40,0
23/01/2016 06:50,40,0
23/01/2016 07:00,40,0
23/01/2016 07:10,50,0
23/01/2016 07:20,50,0
23/01/2016 07:30,40,0
23/01/2016 07:40,40,0
23/01/2016 07:50,20,0
23/01/2016 08:00,20,0
23/01/2016 08:10,40,10
23/01/2016 08:20,120,20
23/01/2016 08:30,160,10
23/01/2016 08:40,220,20
23/01/2016 08:50,130,20
23/01/2016 09:00,210,10
23/01/2016 09:10,140,20
23/01/2016 09:20,130,20
23/01/2016 09:30,190,10
23/01/2016 09:40,130,10
23/01/2016 09:50,120,10
23/01/2016 10:00,120,10
23/01/2016 10:10,120,10
23/01/2016 10:20,200,10
23/01/2016 10:30,120,10
23/01/2016 10:40,110,10
23/01/2016 10:50,120,10
23/01/2016 11:00,130,10
23/01/2016 11:10,130,10
23/01/2016 11:20,170,10
23/01/2016 11:30,110,10
23/01/2016 11:40,140,10
23/01/2016 11:50,110,10
23/01/2016 12:00,120,10
23/01/2016 12:10,110,10
23/01/2016 12:20,110,10
23/01/2016 12:30,250,10
23/01/2016 12:40,250,10
23/01/2016 12:50,100,10
23/01/2016 13:00,120,10
23/01/2016 13:10,120,10
23/01/2016 13:20,140,10
23/01/2016 13:30,190,10
23/01/2016 13:40,150,10
23/01/2016 13:50,150,10
23/01/2016 14:00,150,10
23/01/2016 14:10,150,10
23/01/2016 14:20,140,10
23/01/2016 14:30,130,10
23/01/2016 14:40,180,10
23/01/2016 14:50,280,10
23/01/2016 15:00,170,10
23/01/2016 15:10,130,20
23/01/2016 15:20,80,0
23/01/2016 15:30,80,10
23/01/2016 15:40,70,0
23/01/2016 15:50,80,10
23/01/2016 16:00,60,0
23/01/2016 16:10,40,10
23/01/2016 16:20,50,0
23/01/2016 16:30,70,0
23/01/2016 16:40,80,10
23/01/2016 16:50,120,10
23/01/2016 17:00,120,10
23/01/2016 17:10,420,10
23/01/2016 17:20,410,20
23/01/2016 17:30,240,10
23/01/2016 17:40,220,10
23/01/2016 17:50,60,10
23/01/2016 18:00,70,10
23/01/2016 18:10,90,0
23/01/2016 18:20,110,10
23/01/2016 18:30,90,0
23/01/2016 18:40,100,10
23/01/2016 18:50,90,0
23/01/2016 19:00,90,10
23/01/2016 19:10,90,10
23/01/2016 19:20,70,20
23/01/2016 19:30,70,0
23/01/2016 19:40,80,10
23/01/2016 19:50,100,0
23/01/2016 20:00,100,0
23/01/2016 20:10,90,0
23/01/2016 20:20,110,0
23/01/2016 20:30,110,0
23/01/2016 20:40,110,0
23/01/2016 20:50,110,0
23/01/2016 21:00,100,0
23/01/2016 21:10,80,0
23/01/2016 21:20,90,0
23/01/2016 21:30,100,0
23/01/2016 21:40,110,0
23/01/2016 21:50,100,0
23/01/2016 22:00,100,0
23/01/2016 22:10,90,10
23/01/2016 22:20,70,0
23/01/2016 22:30,70,0
23/01/2016 22:40,60,0
23/01/2016 22:50,50,0
23/01/2016 23:00,50,0
23/01/2016 23:10,60,0
23/01/2016 23:20,80,0
23/01/2016 23:30,70,0
23/01/2016 23:40,80,0
23/01/2016 23:50,80,0
24/01/2016 00:00,60,0
24/01/2016 00:10,40,0
24/01/2016 00:20,40,0
24/01/2016 00:30,20,0
24/01/2016 00:40,20,0
24/01/2016 00:50,30,0
24/01/2016 01:00,50,0
24/01/2016 01:10,40,0
24/01/2016 01:20,50,0
24/01/2016 01:30,40,0
24/01/2016 01:40,40,0
24/01/2016 01:50,40,0
24/01/2016 02:00,50,0
24/01/2016 02:10,30,0
24/01/2016 02:20,30,0
24/01/2016 02:30,20,0
24/01/2016 02:40,20,0
24/01/2016 02:50,40,0
24/01/2016 03:00,40,0
24/01/2016 03:10,50,0
24/01/2016 03:20,40,0
24/01/2016 03:30,50,0
24/01/2016 03:40,50,0
24/01/2016 03:50,40,0
24/01/2016 04:00,20,0
24/01/2016 04:10,30,0
24/01/2016 04:20,20,0
24/01/2016 04:30,30,0
24/01/2016 04:40,40,0
24/01/2016 04:50,50,0
24/01/2016 05:00,50,0
24/01/2016 05:10,40,0
24/01/2016 05:20,40,0
24/01/2016 05:30,40,0
24/01/2016 05:40,40,0
24/01/2016 05:50,30,0
24/01/2016 06:00,20,0
24/01/2016 06:10,30,0
24/01/2016 06:20,30,0
24/01/2016 06:30,40,0
24/01/2016 06:40,40,0
24/01/2016 06:50,50,0
24/01/2016 07:00,40,0
24/01/2016 07:10,40,0
24/01/2016 07:20,40,0
24/01/2016 07:30,50,0
24/01/2016 07:40,40,0
24/01/2016 07:50,220,10
24/01/2016 08:00,360,0
24/01/2016 08:10,360,30
24/01/2016 08:20,590,20
24/01/2016 08:30,850,20
24/01/2016 08:40,690,10
24/01/2016 08:50,800,10
24/01/2016 09:00,710,20
24/01/2016 09:10,680,20
24/01/2016 09:20,290,10
24/01/2016 09:30,190,20
24/01/2016 09:40,120,10
24/01/2016 09:50,140,20
24/01/2016 10:00,260,20
24/01/2016 10:10,310,20
24/01/2016 10:20,230,40
24/01/2016 10:30,180,30
24/01/2016 10:40,320,40
24/01/2016 10:50,620,40
24/01/2016 11:00,620,30
24/01/2016 11:10,530,40
24/01/2016 11:20,180,30
24/01/2016 11:30,180,40
24/01/2016 11:40,120,30
24/01/2016 11:50,140,30
24/01/2016 12:00,100,30
24/01/2016 12:10,120,30
24/01/2016 12:20,100,40
24/01/2016 12:30,130,30
24/01/2016 12:40,270,30
24/01/2016 12:50,520,30
24/01/2016 13:00,580,20
24/01/2016 13:10,520,20
24/01/2016 13:20,350,10
24/01/2016 13:30,340,10
24/01/2016 13:40,330,10
24/01/2016 13:50,290,10
24/01/2016 14:00,300,20
24/01/2016 14:10,280,30
24/01/2016 14:20,220,40
24/01/2016 14:30,90,30
24/01/2016 14:40,90,20
24/01/2016 14:50,100,20
24/01/2016 15:00,90,20
24/01/2016 15:10,80,10
24/01/2016 15:20,80,10
24/01/2016 15:30,80,0
24/01/2016 15:40,90,10
24/01/2016 15:50,90,10
24/01/2016 16:00,90,0
24/01/2016 16:10,80,10
24/01/2016 16:20,70,0
24/01/2016 16:30,50,10
24/01/2016 16:40,60,0
24/01/2016 16:50,40,0
24/01/2016 17:00,60,10
24/01/2016 17:10,60,10
24/01/2016 17:20,140,20
24/01/2016 17:30,80,10
24/01/2016 17:40,70,10
24/01/2016 17:50,60,10
24/01/2016 18:00,70,10
24/01/2016 18:10,60,0
24/01/2016 18:20,70,0
24/01/2016 18:30,70,10
24/01/2016 18:40,70,0
24/01/2016 18:50,60,10
24/01/2016 19:00,40,10
24/01/2016 19:10,40,10
24/01/2016 19:20,60,30
24/01/2016 19:30,350,20
24/01/2016 19:40,410,30
24/01/2016 19:50,80,30
24/01/2016 20:00,100,30
24/01/2016 20:10,80,10
24/01/2016 20:20,270,10
24/01/2016 20:30,280,0
24/01/2016 20:40,90,0
24/01/2016 20:50,90,0
24/01/2016 21:00,90,0
24/01/2016 21:10,90,0
24/01/2016 21:20,80,0
24/01/2016 21:30,70,0
24/01/2016 21:40,70,10
24/01/2016 21:50,90,0
24/01/2016 22:00,100,10
24/01/2016 22:10,90,20
24/01/2016 22:20,280,0
24/01/2016 22:30,390,10
24/01/2016 22:40,150,0
24/01/2016 22:50,50,0
24/01/2016 23:00,50,0
24/01/2016 23:10,40,0
24/01/2016 23:20,50,0
24/01/2016 23:30,30,0
24/01/2016 23:40,20,0
24/01/2016 23:50,40,0
25/01/2016 00:00,50,0
25/01/2016 00:10,50,0
25/01/2016 00:20,50,0
25/01/2016 00:30,40,0
25/01/2016 00:40,50,0
25/01/2016 00:50,50,0
25/01/2016 01:00,50,0
25/01/2016 01:10,50,0
25/01/2016 01:20,60,0
25/01/2016 01:30,50,0
25/01/2016 01:40,40,0
25/01/2016 01:50,40,0
25/01/2016 02:00,20,0
25/01/2016 02:10,30,0
25/01/2016 02:20,40,0
25/01/2016 02:30,50,0
25/01/2016 02:40,50,0
25/01/2016 02:50,60,0
25/01/2016 03:00,40,0
25/01/2016 03:10,50,0
25/01/2016 03:20,50,0
25/01/2016 03:30,40,0
25/01/2016 03:40,50,0
25/01/2016 03:50,60,0
25/01/2016 04:00,50,0
25/01/2016 04:10,60,0
25/01/2016 04:20,30,0
25/01/2016 04:30,30,0
25/01/2016 04:40,20,0
25/01/2016 04:50,40,0
25/01/2016 05:00,50,0
25/01/2016 05:10,50,0
25/01/2016 05:20,60,0
25/01/2016 05:30,50,0
25/01/2016 05:40,40,0
25/01/2016 05:50,50,0
25/01/2016 06:00,40,20
25/01/2016 06:10,50,0
25/01/2016 06:20,40,0
25/01/2016 06:30,50,0
25/01/2016 06:40,60,0
25/01/2016 06:50,30,0
25/01/2016 07:00,20,0
25/01/2016 07:10,30,0
25/01/2016 07:20,50,0
25/01/2016 07:30,50,0
25/01/2016 07:40,40,0
25/01/2016 07:50,60,0
25/01/2016 08:00,50,0
25/01/2016 08:10,50,0
25/01/2016 08:20,50,0
25/01/2016 08:30,50,0
25/01/2016 08:40,40,0
25/01/2016 08:50,50,0
25/01/2016 09:00,50,0
25/01/2016 09:10,20,0
25/01/2016 09:20,40,0
25/01/2016 09:30,30,0
25/01/2016 09:40,50,0
25/01/2016 09:50,40,0
25/01/2016 10:00,50,0
25/01/2016 10:10,50,0
25/01/2016 10:20,40,0
25/01/2016 10:30,50,0
25/01/2016 10:40,50,0
25/01/2016 10:50,60,0
25/01/2016 11:00,50,0
25/01/2016 11:10,50,0
25/01/2016 11:20,40,0
25/01/2016 11:30,40,0
25/01/2016 11:40,30,0
25/01/2016 11:50,20,0
25/01/2016 12:00,40,0
25/01/2016 12:10,50,0
25/01/2016 12:20,60,0
25/01/2016 12:30,40,0
25/01/2016 12:40,50,0
25/01/2016 12:50,50,0
25/01/2016 13:00,40,0
25/01/2016 13:10,50,0
25/01/2016 13:20,60,0
25/01/2016 13:30,50,0
25/01/2016 13:40,60,0
25/01/2016 13:50,40,0
25/01/2016 14:00,50,0
25/01/2016 14:10,30,0
25/01/2016 14:20,30,0
25/01/2016 14:30,20,0
25/01/2016 14:40,40,0
25/01/2016 14:50,60,0
25/01/2016 15:00,50,0
25/01/2016 15:10,50,0
25/01/2016 15:20,50,0
25/01/2016 15:30,40,0
25/01/2016 15:40,50,0
25/01/2016 15:50,50,0
25/01/2016 16:00,40,0
25/01/2016 16:10,60,0
25/01/2016 16:20,50,0
25/01/2016 16:30,50,0
25/01/2016 16:40,50,0
25/01/2016 16:50,50,0
25/01/2016 17:00,30,0
25/01/2016 17:10,30,0
25/01/2016 17:20,30,0
25/01/2016 17:30,40,0
25/01/2016 17:40,60,0
25/01/2016 17:50,50,0
25/01/2016 18:00,50,0
25/01/2016 18:10,40,0
25/01/2016 18:20,50,0
25/01/2016 18:30,40,0
25/01/2016 18:40,50,0
25/01/2016 18:50,50,0
25/01/2016 19:00,50,0
25/01/2016 19:10,60,0
25/01/2016 19:20,50,0
25/01/2016 19:30,40,0
25/01/2016 19:40,360,20
25/01/2016 19:50,380,10
25/01/2016 20:00,390,20
25/01/2016 20:10,390,10
25/01/2016 20:20,320,0
25/01/2016 20:30,80,10
25/01/2016 20:40,70,10
25/01/2016 20:50,80,20
25/01/2016 21:00,80,10
25/01/2016 21:10,70,10
25/01/2016 21:20,80,30
25/01/2016 21:30,80,20
25/01/2016 21:40,80,10
25/01/2016 21:50,80,10